employee_id,employee_name,current_role,skills,dateofbirth,dateofjoining,email,mobile_number,Address,yearofexperience
254,Brian Jackson,senior data engineer,Data Lakes,1960-03-19,2022-02-16,georgeangela@example.net,7698203225835,"715 Cunningham Forges Apt. 824, West Brandonside, MA 36947",2
219,Mark Nielsen,senior data scientist,Natural Language Processing,1985-06-05,2010-06-30,milesmary@example.org,7635554079,"31583 Eric Mill Suite 677, Riveraton, OK 07085",14
134,David Anderson,junior data analyst,Excel,1992-01-14,2006-05-25,ajones@example.net,7248990763041,"PSC 4715, Box 9334, APO AA 03780",18
295,Tyler Allen,senior software engineer,DevOps,1965-09-24,2008-11-07,dianamontes@example.net,3927339776,"2816 Stephen Island Suite 455, Sarahborough, SC 41905",15
432,Trevor Torres,senior software engineer,DevOps,1972-03-03,2019-09-15,devon53@example.org,17078655738,"742 Perez Stream Apt. 654, Rodriguezville, IN 09190",5
107,Robin Lewis,junior data engineer,ETL,1954-10-16,2022-11-21,rmadden@example.net,8994157129,"Unit 8460 Box 6317, DPO AA 00664",1
280,Tammy Garza DDS,junior data engineer,Python,1978-09-26,2008-12-04,callahandanielle@example.org,3485090601,"USNS Jackson, FPO AP 84565",15
185,Leon Thompson,junior software engineer,HTML,1963-05-19,2014-08-03,griffinrachael@example.org,3672631857812,"6983 Cortez Curve, Bradleyberg, MS 74995",10
367,Gregory Cain,senior software engineer,DevOps,1966-10-02,2011-10-24,bethanynichols@example.org,12807936170880,"19097 Lucero Cliffs, New Marcus, OH 66951",12
292,William Bell,junior data engineer,Python,2001-11-11,2009-07-04,leeerin@example.net,7835927990,"4793 Michael Extension Suite 078, Sanderschester, FL 91179",15
144,Bryan Duarte,senior data scientist,Machine Learning,1982-07-08,2013-11-21,gmorrow@example.net,153733289073858,"1834 Catherine Falls Apt. 506, Gomezstad, NV 56593",10
82,Lauren Lang,senior data engineer,Hadoop,2002-02-08,2020-03-21,justin48@example.org,16512505510984,"631 Kent Gardens Apt. 748, South Veronica, ND 10912",4
123,Jason Donovan,junior data engineer,ETL,1957-09-28,2017-03-07,mchambers@example.com,4032910907,"8224 Daniel Mountain Suite 725, Lake Stephen, VI 87822",7
203,Miss Sandra Rangel,senior data analyst,Statistics,1984-03-27,2008-12-06,carrillobrianna@example.org,2945029127,"0261 Jamie Glens Apt. 310, Lake Haleystad, UT 70216",15
132,Anthony Silva,junior data analyst,Tableau,1984-03-17,2010-07-25,joyce13@example.net,94944399660500,"1039 Omar Square Apt. 405, Lisashire, OK 82152",14
178,Karen Murphy,senior data scientist,Machine Learning,1975-06-07,2022-05-16,swilliams@example.org,7508470559876,"880 Brian Bypass, Perrymouth, AZ 67357",2
345,Cheryl Torres,junior software engineer,HTML,1988-03-06,2018-07-22,bonniekrause@example.com,15343050785034,"3776 Reed Light, Lake Ashley, KY 02240",6
49,Angela Burgess,senior data engineer,Hadoop,1968-04-28,2009-05-26,sbartlett@example.org,19707330253,"1626 Sandra Fall, Allenland, OH 61514",15
51,Emily Porter,junior software engineer,CSS,1997-05-06,2008-02-21,brianavila@example.org,178860750989897,"2729 Mullen Corner Suite 980, Williamstown, TX 24484",16
277,Angela Morales,junior data scientist,Python,2003-11-02,2006-09-07,mark94@example.com,9587513069,"3637 Crystal Spur, Darrenfort, VT 63696",18
66,Rebecca Hicks,junior data engineer,Data Warehousing,1990-03-02,2015-10-25,coxcassie@example.net,12506242083,"171 Harris Highway Suite 465, Moniqueton, MS 43357",8
494,Heather Wells,junior data analyst,SQL,1990-02-23,2010-08-16,dsmith@example.com,7377363716,"0266 Young Street, Christopherfort, WA 10342",14
146,Kimberly Kelly,senior data scientist,Machine Learning,1985-03-13,2007-11-16,lorijohnson@example.com,191346541143731,"894 Franklin Canyon, West Richard, ME 29748",16
441,David Brock,senior data engineer,Data Lakes,1954-10-26,2011-03-19,sheppardamanda@example.net,16454203996,"105 Peter Wall Suite 274, Dustinville, PR 46212",13
135,Linda Mitchell,junior data scientist,SQL,1987-03-06,2011-04-13,fosterangel@example.net,168134260320916,"USS Butler, FPO AA 02244",13
493,Renee Moore,senior data engineer,Hadoop,1986-09-27,2015-03-29,wyattkristina@example.net,1233604119894107,"447 Paul Rest Suite 255, New Danielleville, IA 89266",9
22,Christine Gibson,junior data engineer,Data Warehousing,1991-02-22,2022-01-27,scott77@example.com,5632400793,"0063 Williamson Hollow, Kaylachester, AL 58349",2
424,Colleen Woods,junior data engineer,ETL,1964-09-07,2013-06-18,timothy66@example.org,5653781620,"9474 Kimberly Expressway, Bethanychester, VT 81737",11
252,Monica Gross,senior software engineer,Microservices,1997-04-06,2016-02-06,jay16@example.org,3034226216,"USNS Mason, FPO AE 61788",8
407,Debra Williams,senior data engineer,Hadoop,1989-11-25,2017-08-25,loribarnes@example.com,2654811736337,"983 Bell Court Apt. 897, Port Judithstad, FL 99884",7
474,Scott Carrillo,senior software engineer,Microservices,2000-01-13,2007-03-21,schurch@example.org,1716479817701796,"9515 Smith Knoll, New Christopher, SD 40189",17
103,Benjamin Long,senior software engineer,Microservices,1967-03-06,2009-01-14,vmora@example.net,176663600838281,"683 Dalton Prairie Suite 057, Matthewmouth, PA 98716",15
250,Samuel Smith,senior data analyst,Statistics,1967-08-09,2010-01-21,ystanley@example.net,977322247775753,"Unit 2922 Box 6758, DPO AP 42481",14
130,Mark Dodson,senior data scientist,Natural Language Processing,1982-09-22,2011-10-19,nancysmith@example.net,2702942964267,"Unit 1753 Box 0414, DPO AE 20606",12
103,Heather Roy,senior data analyst,Statistics,1999-06-27,2015-10-26,vanessarasmussen@example.org,3245363878,"719 Duncan Ways Suite 325, Estradaview, DC 10223",8
470,Robyn Johnson,senior software engineer,Microservices,1956-11-26,2017-07-10,lisa78@example.com,2904326882,"2434 Ellison View, Shawnville, CT 14635",7
40,Kimberly Cooper,junior data scientist,SQL,1991-03-14,2021-10-16,andrew08@example.org,41528320054791,"USS Martin, FPO AE 11929",2
262,Joseph Davis,senior software engineer,DevOps,1972-04-17,2009-01-26,pmendez@example.com,5308326037,"7849 Arthur Viaduct, Lake Jennifer, DC 66607",15
24,Ryan Bailey,senior data engineer,Spark,1972-01-29,2022-01-20,riveramichele@example.org,163050725683153,"PSC 5076, Box 0584, APO AE 83039",2
352,Christine Rogers MD,senior data scientist,Machine Learning,1979-11-23,2006-11-30,ericathomas@example.net,12796816288,"78559 Taylor Villages Apt. 636, Aguirrestad, NH 40049",17
407,James Johnson,senior data scientist,TensorFlow,1983-03-30,2006-01-20,catherinerichmond@example.com,3389325060,"877 Clifford Key Suite 114, Brandonside, NC 57606",18
454,David Smith,junior data engineer,Python,1995-10-23,2019-12-26,briansharp@example.com,2135115835,"3267 Rachel Forge, Aaronstad, NM 48367",4
92,Judy Hall,senior data engineer,Spark,1998-04-25,2019-03-11,lbentley@example.com,7689295941847,"45904 Cortez Greens, Lake Sarah, MO 31257",5
121,David Hardy,junior data engineer,ETL,2003-06-12,2012-08-07,brian26@example.com,5959111645,"USNS Harrison, FPO AP 25087",12
4,Jack Johnston,senior data scientist,Machine Learning,1976-03-04,2005-05-04,wilsoncole@example.com,7252356614,"51233 Choi Via Suite 114, Meganberg, MS 07928",19
458,Kelly Lane,junior data engineer,Python,2005-09-21,2015-02-13,tiffany24@example.net,4885578010,"41559 Jimmy Light Suite 966, New Craig, CT 27199",9
297,Daniel Smith,senior data analyst,Statistics,1983-11-24,2011-09-05,darren95@example.com,3754871751,"7413 Adam Points, Scotthaven, DE 87036",13
73,Jeremy Harris,senior data scientist,Natural Language Processing,1960-08-02,2015-03-13,iduncan@example.org,3789095007,"84855 Kennedy Road Suite 622, Changchester, WA 30357",9
161,Nicholas Gonzalez,senior data engineer,Hadoop,1980-10-19,2017-07-19,uward@example.org,80159512362989,"469 Washington Mountain Suite 022, Larrychester, MN 66940",7
12,Sandy Richards,senior data scientist,Natural Language Processing,1963-08-04,2011-01-20,ronald48@example.com,1207745229850125,"982 Rhonda Isle, Katherinechester, ME 93114",13
339,Brittney Smith,junior data analyst,Tableau,1957-08-11,2019-06-08,richardhunter@example.org,17474654312307,"1118 Webster Place Apt. 288, Micheleport, AL 61551",5
34,Elijah Miller,senior data scientist,TensorFlow,1990-05-28,2017-11-26,malik17@example.org,864706273104800,"356 Lauren Ramp Suite 299, Danaview, GU 39680",6
80,Mr. William Jarvis DDS,senior data scientist,Natural Language Processing,2002-10-03,2021-08-05,chaneyjacqueline@example.org,1772914977348614,"92030 Jamie Lodge Apt. 617, East Joseph, VT 12081",3
138,Marcus Carpenter,junior data analyst,Excel,1975-10-30,2014-03-06,serranomegan@example.org,5633599018,"640 Khan Glens, Reedville, AS 14725",10
62,Casey Martin,senior data engineer,Hadoop,1980-11-10,2011-06-12,wolfeamber@example.org,80158648675593,"Unit 3437 Box 4786, DPO AE 44449",13
28,Joshua West,junior data analyst,SQL,1973-02-02,2006-03-02,iwilliams@example.net,6323016278,"92429 Dillon Loop, Marissamouth, AL 95759",18
112,Melanie Rodriguez,senior data scientist,TensorFlow,1984-07-11,2021-07-13,wgarcia@example.org,207962226079121,"050 Pamela Lodge, New Caitlinland, WA 44417",3
450,Mark Washington,senior data analyst,Statistics,1967-06-30,2013-11-30,megangregory@example.org,5192982878,"685 Morales Island Apt. 703, Pattersonside, NV 29043",10
314,Barbara Patton,junior data analyst,Excel,1984-04-14,2020-11-06,smithfelicia@example.com,7447626881,"0357 Sanchez Village, Whitneyville, TX 26356",3
126,Scott Ashley,senior software engineer,Microservices,1971-02-09,2006-01-22,rbarnes@example.org,813225577390486,"20437 Harris Parkway, North Kyleborough, NV 29787",18
384,Albert Tucker,senior data analyst,Statistics,2001-10-04,2007-12-24,qmay@example.net,369822945908927,"1278 Daniel Dale Suite 110, New Savannahhaven, OR 79858",16
428,Victor Hoffman,senior data engineer,Data Lakes,1955-02-23,2006-12-03,dallen@example.net,485849713420438,"8804 Ashley Wells, Rachelberg, MP 48600",17
291,Michael Smith,senior software engineer,Cloud Computing,1998-04-06,2018-01-14,mbradley@example.net,16379266949,"5380 Olson Shoal Suite 553, New Kimberly, IN 10535",6
296,Meghan Green,junior data scientist,SQL,2005-04-15,2019-03-28,wcollins@example.org,6897143787,"7937 Shane Turnpike Apt. 550, Jonesbury, OH 21536",5
199,Matthew Mills,senior software engineer,Cloud Computing,1971-04-02,2021-02-24,mooredeborah@example.org,14258115502,"98875 Joann Squares Apt. 168, West Erik, LA 05085",3
363,Jimmy Soto,senior software engineer,Microservices,1961-11-22,2024-06-13,terri01@example.com,1355374976089650,"12143 Hale Causeway, Lake Kevin, MT 99701",0
124,Martin Hall,junior data scientist,SQL,1974-07-17,2013-10-20,garciakevin@example.org,69041840802480,"11985 Bethany Estate Apt. 780, Port Jessicabury, GU 13863",10
216,Gregory Garrison,junior data engineer,ETL,1962-07-22,2021-03-15,torresjoseph@example.com,8088038315201,"137 Smith Mission, New Wesley, PA 83199",3
437,Mark Brown,senior data scientist,Machine Learning,1969-05-14,2009-02-08,sarah56@example.com,8444246862201,"8240 Rodgers Turnpike, East Theresatown, GU 33160",15
95,Anthony Robbins,senior software engineer,DevOps,1999-04-17,2012-12-02,jared99@example.com,1765609391282477,"155 Joseph Street, Wesleyside, WY 16809",11
209,Jo Elliott,senior software engineer,Cloud Computing,2003-10-25,2010-01-27,glennmatthew@example.org,17638672075,"24423 Amanda Ferry, East Jennifer, AS 74160",14
151,Tyler Garcia,junior data analyst,Excel,1995-03-12,2016-07-25,jeff39@example.net,16932976369,"1343 Amber Divide, Lake William, MD 41928",8
362,Derrick Smith,senior data engineer,Spark,1977-05-15,2014-08-31,vpetty@example.net,5417764823,"799 Skinner Gateway Apt. 093, New Jenniferfurt, ID 73477",10
272,Melissa Rhodes,junior data analyst,Tableau,1984-05-06,2013-09-17,rreese@example.com,506926113276223,"PSC 7063, Box 8329, APO AP 39647",11
300,Jacqueline Hanson,senior data analyst,Data Modeling,1974-01-12,2016-06-24,martinezkristin@example.org,8302664058,"787 Colton Summit, Lake Kenneth, ME 94674",8
78,Sierra Ramos,senior data engineer,Spark,1986-01-14,2008-12-12,nlowe@example.org,981603674283025,"016 Sandra Grove, New Mariahton, WI 58479",15
59,Russell Thompson,junior data analyst,Tableau,1999-07-14,2023-05-29,jamie31@example.net,96234363806678,"4312 Joshua Rest, Dudleytown, FM 49576",1
163,Lawrence Owen,junior software engineer,CSS,1999-10-29,2022-08-30,nguyenkathy@example.com,1939664095807734,"31273 Elizabeth Cape Apt. 613, South Nichole, ID 20992",2
200,Michael Olson,senior data analyst,Statistics,1992-07-14,2020-04-22,joneschristopher@example.com,6133988688,"483 Michael Loaf Apt. 193, Millerland, MH 21382",4
437,Beth Nelson,senior software engineer,Microservices,1955-04-20,2021-12-24,brandisims@example.org,7435096320,"5346 Garcia Estate Apt. 671, Hurstside, MS 12677",2
67,Gary Wilkerson,junior software engineer,CSS,1957-02-21,2004-11-06,vanessa37@example.org,9603505031,"49797 Price Walks Apt. 460, Port Heidi, AR 92978",19
275,Morgan Kirk,senior software engineer,DevOps,1985-06-28,2005-04-17,john34@example.net,1826676647716572,"04184 Teresa Valleys Apt. 589, East Kimberly, MP 81444",19
65,Jeffrey Martinez,senior data engineer,Spark,1956-09-06,2006-01-07,gomezraymond@example.net,33121454124828,"7209 Walters Locks, North Duaneborough, VI 91312",18
222,Debra Stevens,senior data engineer,Spark,2005-07-11,2010-03-05,gracemartin@example.net,15749375536,"82998 Tammy Union, Shannonside, NE 52873",14
257,Lisa Allen,junior software engineer,HTML,1985-05-05,2023-10-04,barry45@example.com,737300545725250,"07341 Bailey Lock Apt. 570, West Jennyhaven, KS 29050",1
280,Elizabeth Green,junior software engineer,JavaScript,1994-04-25,2010-05-02,stevenskenneth@example.org,3832121948,"251 Johnston Heights, Mendozaview, AS 72009",14
417,Angelica Odonnell,senior data analyst,Statistics,1973-02-22,2015-05-02,fsharp@example.org,19342310810019,"65382 Welch Ridge, South Colleen, OH 72528",9
262,Matthew Jackson,junior software engineer,HTML,1964-08-08,2009-09-13,jonturner@example.com,67974366529826,"48594 Thomas Inlet Suite 141, Lake Arthur, AL 21664",15
155,Robert Williams,senior data analyst,Statistics,1971-01-24,2007-03-12,craig08@example.org,5693674292,"205 Daniel Plaza, South Rebecca, OR 68879",17
375,Greg Jones,junior software engineer,CSS,1987-12-09,2009-03-31,rebecca33@example.com,3513302342,"49149 Gabrielle Brooks Suite 726, Smithmouth, MD 07916",15
206,Gina Proctor,senior data scientist,TensorFlow,1995-08-22,2018-10-21,uruiz@example.org,40657924824859,"0398 Michelle Overpass, New Christopherburgh, NC 52032",5
204,Tammy Frye,junior software engineer,JavaScript,1990-03-28,2004-10-15,stephenromero@example.org,14145424861,"77814 Theresa Spurs Suite 084, New Kimberlyside, PW 14837",19
404,Sarah Hayes,senior data engineer,Spark,1978-05-09,2022-02-18,amy16@example.com,21436200614176,"3477 Wright Brooks Suite 224, Port Robertmouth, AR 40018",2
470,Stacey Barnett,junior software engineer,HTML,1990-07-31,2013-08-20,tiffany36@example.com,6049359796,"73318 David Parks Apt. 325, Warefurt, VI 34468",11
318,Ashley Sanchez,senior software engineer,DevOps,1971-01-22,2010-03-07,joshua62@example.net,16627304530,"36527 Loretta Shore Apt. 099, Turnershire, NH 88068",14
371,Maria Hunter,junior data engineer,Data Warehousing,1978-08-07,2023-05-26,parkerglen@example.com,18506339379114,"PSC 1451, Box 4558, APO AP 10177",1
180,Nancy Gonzalez,senior software engineer,DevOps,1981-03-22,2012-08-16,deandaniel@example.com,9744735596,"716 Robinson Squares Apt. 084, Michaelburgh, GU 78263",12
104,Michael Ortiz,junior software engineer,CSS,1988-02-13,2024-04-07,veronica63@example.com,18414414876844,"9061 Bonnie View Suite 868, Joycechester, NJ 78134",0
239,William Patterson,senior software engineer,Microservices,1976-04-25,2010-09-19,johnnielsen@example.org,9028133240,"040 Michelle Forge, West Davidfort, TX 79539",14
210,Jesus Dawson,junior data engineer,Python,1987-12-23,2019-10-12,ryan05@example.com,18618745288110,"83321 Mckinney Trafficway Apt. 369, Dixonview, MT 29680",4
247,Samuel Brown,junior data analyst,SQL,1969-08-31,2012-01-26,cookelizabeth@example.org,298602253344085,"050 Derek Burg Apt. 794, Lake Robertburgh, CO 95958",12
285,Michael Payne,senior software engineer,DevOps,1963-08-13,2005-08-17,gouldbrian@example.net,1358910415457701,"62221 Higgins Street Apt. 203, Howellton, MO 18180",19
456,Melissa Watson,junior software engineer,HTML,1956-12-16,2014-10-01,victoria44@example.net,4793273960951,"927 Campbell Extensions, Crystalville, ME 10296",10
220,Andrew Bowman,senior data scientist,Machine Learning,1953-12-29,2008-02-16,garciakayla@example.net,42234675317213,"9006 Russo Path Apt. 097, Wangside, IA 96040",16
493,Sharon Perry,junior data engineer,Python,1965-02-27,2007-11-25,christinaroy@example.net,8367458116,"514 Carolyn Alley Suite 658, South Gordon, UT 87528",16
487,Wendy Martinez,senior data scientist,Machine Learning,1990-05-08,2018-12-28,kathleen82@example.org,5116382976,"52557 Kimberly Rest Apt. 530, Lake Lucas, MO 70162",5
32,Brittany Eaton,junior data engineer,ETL,1958-07-12,2007-05-13,ffarrell@example.net,13777759849607,"93251 Stacey Meadows, Thomasmouth, SD 10285",17
200,Michael Valencia,senior data analyst,Statistics,1964-06-13,2016-01-17,kingjoshua@example.com,14579865516984,"2730 Gallegos Stravenue, Karenfurt, MA 46635",8
486,Jeffrey Young,senior data analyst,Data Modeling,1987-02-14,2013-06-11,dustinmorris@example.net,2325639746,"6251 John Tunnel Apt. 164, South Nathan, KS 25053",11
243,Sarah Rivas,senior data scientist,TensorFlow,1973-09-26,2019-11-28,christianlawrence@example.net,121666228775847,"7391 Farmer Rapids, Port Emily, PR 09913",4
20,Frank Golden,senior data analyst,Predictive Analytics,1976-11-30,2008-01-01,cburton@example.org,8168146374,"0557 Jennifer Pike Suite 145, Ralphshire, MT 73126",16
414,Garrett Russell,junior data analyst,SQL,1993-05-16,2014-07-20,adavis@example.org,122171803219546,"5206 Danielle Ridges Apt. 383, Schwartzville, MA 24708",10
39,Craig Hartman,senior data scientist,TensorFlow,1955-01-02,2011-06-24,danielle55@example.net,3779143453,"792 Melissa Court, Justinshire, VA 65595",13
17,Kristina Anderson,junior data scientist,Data Visualization,1968-09-26,2009-09-24,moonstephanie@example.org,5253512128774,"Unit 4257 Box 6896, DPO AA 83614",15
48,William Morrison,junior data analyst,SQL,2006-08-10,2023-02-15,qramirez@example.com,12983686147,"677 Forbes Grove, West Willie, MS 39217",1
106,Kerri White,senior data scientist,TensorFlow,1960-06-16,2020-09-30,kellyjulia@example.net,16387583872844,"924 Angela Drive Suite 162, Aguilarchester, NM 66862",4
184,Dalton Wood,junior data engineer,Data Warehousing,1988-06-04,2011-05-31,flynnpatricia@example.org,4767658748,"278 Kennedy Plains, Port Stephaniefurt, PA 22602",13
160,Chad Mcdaniel,junior data scientist,SQL,1972-01-25,2006-09-25,iestes@example.net,977428981130775,"0965 Rodriguez Place, Rodriguezborough, WI 80588",18
113,Lisa Martinez,senior data engineer,Data Lakes,1988-05-05,2012-04-24,matthew41@example.net,2687497159,"511 Lewis Causeway Suite 672, West Natalieside, CT 80221",12
409,Charles Brock,senior data analyst,Statistics,1965-01-13,2017-02-03,andrewestrada@example.org,697795618395382,"780 Davis Drive, South Terrimouth, MI 82609",7
268,William Williams,senior data scientist,Natural Language Processing,1977-04-22,2007-04-15,aburnett@example.org,29497845015684,"919 White Branch Apt. 728, Gaychester, GA 40601",17
283,Heather Johnson,junior data scientist,Python,1974-10-12,2015-10-23,robertmartin@example.net,7338661964,"387 Avery Gardens, North Tammyberg, MD 51759",8
452,Tracy Hill,junior data scientist,Python,1996-02-19,2018-03-19,karenbrewer@example.org,5524072071,"68690 Grace Garden, Vanghaven, WY 36639",6
318,Randy Dunlap,junior data scientist,Data Visualization,1973-02-23,2010-04-30,stephaniebrown@example.net,2598468291,"83209 Townsend Stream, South Robertchester, OR 80328",14
313,Veronica Reeves,senior data engineer,Data Lakes,1967-03-17,2023-02-25,lauratrujillo@example.net,204688688115114,"6926 Ramirez Estate Apt. 671, Boltonmouth, SC 13252",1
202,Gary Bowman,senior data engineer,Data Lakes,1954-09-13,2012-01-28,james31@example.org,7102545463,"7578 Lawson Circles Apt. 758, New Heather, HI 39015",12
465,Jenna Bright,senior software engineer,Cloud Computing,1998-06-17,2006-09-11,nicolewatkins@example.net,4968984535,"PSC 9810, Box 9173, APO AA 57837",18
381,Tiffany Avery,senior data engineer,Spark,1965-10-17,2023-08-05,gouldtammy@example.com,7833348348,"02071 Vincent Valleys Suite 422, New Nathan, IL 80508",1
421,David Foster,senior software engineer,Cloud Computing,1967-11-02,2024-09-10,moorekelly@example.com,137965703172631,"438 Payne Points Apt. 164, New Shannonville, NH 45401",0
254,David Kane,senior software engineer,DevOps,2000-05-29,2019-11-01,crystal80@example.net,188380840495000,"833 Charles Mission Apt. 799, North Melanieport, DC 83468",4
330,Charlene Peters,senior data analyst,Statistics,2005-05-12,2015-12-06,lisajohnson@example.net,1835432890895028,"374 Davis Walks, South Andreville, AK 20054",8
84,Gregory Thompson,junior data engineer,ETL,1997-01-20,2014-04-09,liuelaine@example.org,1635974042698733,"926 Patricia Course Apt. 469, Benderstad, NC 36066",10
467,Michael Swanson,senior data analyst,Statistics,1958-11-23,2012-01-19,wardclifford@example.org,79991146667782,"937 Scott Point Suite 558, New Jacquelineland, MD 86888",12
465,Amber Richard,junior data engineer,Data Warehousing,2004-10-26,2015-01-15,arroyodylan@example.net,93197252896203,"92747 Tony Station, Port Karenhaven, MP 15280",9
208,Jessica Reeves,senior data scientist,TensorFlow,1973-04-06,2008-12-02,manderson@example.net,15772304827,"491 Harrison Flat Suite 024, West Carlosburgh, NJ 21827",15
61,Christina Brown,junior data analyst,Excel,1966-06-26,2009-01-01,ledwards@example.com,7812740935,"USNV Hall, FPO AA 48362",15
413,Tommy Rodriguez,junior data analyst,SQL,1961-02-07,2013-03-08,seangibson@example.net,5408749038,"3009 Moore Forest, Jessicafort, NE 57268",11
461,Dave Mcmahon,junior data engineer,ETL,1975-08-01,2006-09-03,darrengeorge@example.org,136770214957652,"0599 Dylan Alley, Emilyborough, OK 56972",18
251,Pamela Tucker,junior software engineer,HTML,1957-11-24,2015-01-13,cartercourtney@example.com,71058497153607,"5723 Livingston Keys Apt. 469, North Tiffanystad, MS 85225",9
70,Abigail Bradley,senior data analyst,Predictive Analytics,1995-01-14,2019-10-03,lopezerin@example.org,64090408675897,"149 Moore Mission, East Dennis, RI 96033",5
228,Joseph Watson,senior data analyst,Predictive Analytics,1978-07-02,2010-07-04,ybrewer@example.net,534817707839034,"8790 Julie Run, Michelletown, AR 46913",14
98,Aaron Smith,senior software engineer,Cloud Computing,1973-11-21,2024-03-13,robert71@example.org,16717109605268,"5332 Jacob Highway, Port Michelleborough, PR 73514",0
371,Max Silva,junior data scientist,Data Visualization,1994-02-24,2010-11-23,mwilliams@example.com,7493250079187,"18267 Monroe Terrace Apt. 240, North Timothyburgh, AR 47579",13
466,Andrew Woodard,junior data engineer,ETL,1999-02-12,2020-12-28,michelle65@example.org,155526231642436,"044 Caroline Falls, Phillipsmouth, ID 74721",3
279,Natasha Rodriguez,senior software engineer,Cloud Computing,1977-08-21,2018-07-20,georgehall@example.net,12402915445089,"34638 Freeman Rest, Port David, AK 38595",6
428,Elaine Moore,junior data scientist,SQL,1967-06-24,2005-03-04,mckinneystephanie@example.org,696345126099223,"97274 Wagner Roads, Woodwardburgh, ME 95331",19
320,Tammy Galvan,junior software engineer,JavaScript,1985-01-30,2005-08-18,alexandrawhite@example.org,6469540498523,"28466 Melissa Ford, Armstrongchester, OR 44305",19
381,Angela Sanders,junior data engineer,Python,1965-07-28,2016-08-26,heidi85@example.net,7044702508,"Unit 4789 Box 5986, DPO AE 82792",8
28,Brittany Johnson,junior data engineer,Data Warehousing,1954-04-27,2009-05-07,codybaker@example.net,4932880796910,"0229 Jeremiah Causeway, East Patricia, AK 19213",15
329,Jennifer Howard,junior software engineer,HTML,1959-05-27,2023-06-07,josekim@example.org,74577888284229,"593 Jerry Groves Suite 508, South Jeff, OR 09238",1
6,Richard Cain,senior data engineer,Spark,1967-10-26,2005-09-06,munozdeborah@example.net,9787986497,"84631 Dylan Hill Apt. 730, Nicolemouth, WA 11905",19
355,Ray Norman,senior data engineer,Spark,1998-04-04,2023-11-15,vjacobs@example.com,4189949174,"616 Randy Tunnel, Williamsside, NE 86834",0
320,Carlos Cuevas,junior data scientist,Python,1993-03-23,2022-08-30,qmiller@example.org,262293351888627,"6087 Thomas Forks Apt. 552, Crystalberg, NM 45390",2
416,Tricia Romero,junior data analyst,Tableau,1964-12-16,2022-05-15,jacob72@example.org,120182000139450,"03891 Rebecca Shores, Chadfurt, MO 07076",2
213,Carla Brown,senior data engineer,Hadoop,1954-09-27,2011-05-20,timothymcintyre@example.net,7008595485,"408 Christopher Parkways, Matthewfort, UT 86429",13
411,Mary Ortiz,senior data engineer,Data Lakes,1987-05-28,2006-09-23,ericjohnson@example.org,3457920295,"942 Diaz Square Apt. 842, Lindseyport, ME 21122",18
449,Lauren Smith,junior data scientist,Data Visualization,1988-09-15,2017-04-10,charles74@example.com,4038768425872,"7753 Chan Pines Apt. 980, Port Isaiah, MA 18661",7
209,Kaitlyn Jordan,senior data engineer,Hadoop,1979-03-04,2024-06-17,rwebster@example.com,4429089266,"USNV Martinez, FPO AP 19460",0
230,David Cochran,junior data analyst,Tableau,1989-09-04,2022-08-28,karen32@example.net,16308611094,"82511 Torres Harbor Apt. 040, Port Diamond, MD 33259",2
212,Sean Watson DDS,junior data analyst,SQL,1955-05-26,2006-09-10,juliahodges@example.com,1427458898366205,"Unit 0491 Box 3802, DPO AE 22430",18
48,Bobby Graham,senior data engineer,Hadoop,1995-06-29,2011-03-26,kinglynn@example.org,1997875926116344,"2897 Christensen Mountain, Wallaceland, IL 12149",13
10,Jessica Williams,junior software engineer,JavaScript,2003-01-10,2017-02-17,mlindsey@example.com,13207129836478,"147 Jenkins Manors Apt. 901, North Amyport, OR 04663",7
163,Michael Snyder,junior data scientist,SQL,2000-11-20,2023-08-12,ttaylor@example.net,4894541575,"765 Kelly Knolls Suite 461, East Deborahstad, CA 36697",1
279,Tiffany Ramirez,senior software engineer,DevOps,1981-06-16,2013-09-02,eharrell@example.net,728321662626243,"79323 Justin Mews, East Melanie, NH 05721",11
249,Matthew Evans,junior data analyst,SQL,1986-08-02,2007-06-03,christinavaughn@example.com,7309812960614,"9278 Kari Brook Suite 826, South Joshuafort, NV 12844",17
254,Michael Warner,senior data engineer,Data Lakes,1980-06-24,2013-04-29,vhall@example.com,3463150555354,"33255 Francis Row, South Ryanton, ME 62562",11
441,Stephen Williams,junior data scientist,SQL,1991-06-23,2012-10-27,diazdaniel@example.net,9022305796,"875 Jenny Plains Apt. 414, Lindastad, NJ 25454",11
90,Michele Smith,junior software engineer,HTML,1954-12-19,2009-03-03,andersonmatthew@example.org,70989223735673,"0487 Jennings Valleys Apt. 622, Phillipfurt, OH 68265",15
486,Michael Roberts,junior data scientist,SQL,1996-04-05,2006-12-31,tina05@example.net,5948842473414,"833 Elaine Pike, Millershire, PA 16150",17
392,Melissa Wheeler,senior data scientist,Machine Learning,1966-05-16,2020-11-20,gillsarah@example.net,9946053501,"335 Sanchez Path Apt. 740, Paulstad, FL 79813",3
215,Amanda Carr DDS,senior software engineer,Cloud Computing,1984-02-06,2024-05-19,ryanaustin@example.org,9657791368,"31695 Bryan Mission, West Gary, KS 66702",0
346,Courtney Pierce,senior software engineer,DevOps,1999-11-13,2017-07-21,oshields@example.org,14008889539336,"5471 Shepherd Wall Apt. 108, Angelastad, MN 18074",7
9,Glenn Smith,junior data engineer,Data Warehousing,1954-10-20,2008-11-05,jason90@example.org,609904683250252,"214 Smith Ridges Apt. 279, New David, HI 90375",15
431,Janice Carr,senior data scientist,Machine Learning,1969-12-31,2013-06-14,shannon08@example.com,40153142262197,"5541 Daniel Well Apt. 818, Harrisside, TN 28485",11
222,Vincent Johnson,junior software engineer,HTML,1973-08-12,2008-11-30,davisjacqueline@example.com,198499808969336,"37467 Merritt View, Freemanmouth, IN 19268",15
396,Ashlee Villegas,junior software engineer,HTML,1975-07-15,2010-12-28,lawrencethomas@example.net,15222964963,"308 Waters Club, Joshuafurt, AK 53958",13
150,Judith Kennedy,senior data engineer,Spark,1981-01-09,2021-06-05,jonathancohen@example.com,460574394482772,"459 Chavez Pass, Krauseside, DC 49962",3
137,Ryan Rhodes,junior data analyst,SQL,1996-10-21,2005-03-24,rangeldonna@example.com,6897140311,"753 Jacobs Summit Suite 582, Donnaborough, WA 69106",19
333,Janet Owens,junior data engineer,Data Warehousing,1986-03-12,2005-11-24,daviseric@example.org,9076241626131,"17177 Simmons View Apt. 810, Marshallfurt, NC 82808",18
486,Alan Pittman,junior data scientist,Data Visualization,1981-02-12,2019-02-27,eric88@example.org,4112895384,"00502 Robert Way Suite 873, Medinaside, DE 79452",5
119,Richard Evans,senior data analyst,Data Modeling,1968-05-12,2018-11-22,andrea81@example.org,9987126591,"419 Bryan Lodge Suite 063, Baileyhaven, CA 41573",5
442,Bonnie Young,junior software engineer,CSS,1967-09-12,2006-11-06,petersenedgar@example.com,89624775659022,"984 Harris Burgs, Patelmouth, AS 10348",17
21,Tina Wall,junior data scientist,SQL,1955-05-19,2006-11-17,martinezalan@example.org,1404960012856640,"PSC 1022, Box 2023, APO AP 44933",17
418,Nathan Merritt,junior data engineer,Data Warehousing,1993-09-15,2022-11-12,wduffy@example.net,98083385682081,"21723 Wright Expressway Apt. 371, Hicksland, MI 23933",1
76,Alicia Mitchell,junior data engineer,ETL,2002-12-07,2017-11-28,jodiyoung@example.org,9283612430,"76977 Shannon Branch Apt. 363, East Jessicaland, OR 92003",6
377,Paula Shannon,junior data engineer,Data Warehousing,1982-01-08,2004-11-11,hoodrussell@example.org,7033697180177,"91400 Smith Corners Suite 475, Maryville, KY 62627",19
494,Karen Hurst,senior data analyst,Predictive Analytics,1976-06-05,2022-04-03,zachary58@example.com,5804033644506,"3236 Henderson Route Apt. 002, Melissastad, LA 93804",2
216,Teresa Davis,senior data scientist,TensorFlow,1967-08-08,2015-12-22,kimberly60@example.net,5973663889735,"854 Myers Pike Suite 234, Hutchinsonbury, IA 02404",8
471,Aimee Collins,senior software engineer,Cloud Computing,1988-07-29,2007-09-13,shawmiranda@example.com,492518392975040,"298 Richards Circles, Andersonport, RI 83834",17
116,Kendra Mcdaniel,senior data engineer,Hadoop,1966-12-28,2015-05-05,jessica51@example.net,5132615100852,"974 Carter Street Suite 771, Lake Peterside, IA 10899",9
149,Jessica Hall,senior data scientist,Machine Learning,1990-01-28,2018-11-29,andersonjay@example.net,13404597827151,"81658 Alexis Camp, Edwardshire, DC 18028",5
88,Travis Ingram,junior data scientist,Data Visualization,1987-02-18,2021-09-17,othompson@example.com,55260929612867,"Unit 3705 Box 8015, DPO AA 58947",3
240,Adrian Martinez,senior software engineer,Cloud Computing,1965-12-16,2023-02-16,rrobinson@example.org,1219451083523503,"351 Brooks Knoll, Taylormouth, WI 67561",1
264,Ashley Martin,senior data scientist,Machine Learning,1999-08-19,2012-03-13,brianna26@example.org,8523284148289,"839 Garza Glen, Lake Jodyfurt, NE 83023",12
99,Robert Jones,junior data engineer,Data Warehousing,1956-03-10,2007-07-20,alyssasmith@example.com,19034568648874,"USS Smith, FPO AE 49657",17
207,Randall Johnson,junior software engineer,JavaScript,1957-11-22,2023-04-01,tperry@example.com,189669587244915,"055 Jeremy Ford Apt. 072, Garnermouth, PR 36803",1
286,Jackson Campbell,junior data scientist,Python,1995-11-14,2009-05-03,npowers@example.net,138548195833823,"015 Hughes Forest Suite 729, Johnborough, NJ 31026",15
284,Matthew Hall,senior software engineer,DevOps,1985-12-01,2005-12-21,andrew45@example.net,12634619992,"372 Beck Rapid Suite 319, Port Kenneth, VT 79889",18
75,Ryan Clarke,junior data analyst,SQL,1960-01-22,2008-04-13,carolyn88@example.org,5792266556,"511 Page Road Suite 994, West Sandra, MI 33383",16
141,Melissa Walker,senior software engineer,DevOps,1986-09-26,2007-12-12,nicholas36@example.net,696448051397552,"49265 Randall Locks, Seanchester, MI 69747",16
230,Derek Martinez,junior data engineer,ETL,2003-04-17,2018-04-25,james40@example.net,976908912459728,"580 Joshua Springs Suite 422, South Brittanytown, MD 30249",6
409,Janet Richardson,senior data analyst,Data Modeling,1997-06-11,2018-09-29,jamessmith@example.org,4494695016,"81766 Wilcox Brooks, Gregtown, OK 05983",6
87,Jay Nguyen,junior data analyst,Tableau,2001-10-30,2016-11-20,williamsmith@example.net,80047441968995,"907 Lin Forge, South Julie, MO 15329",7
246,Stephanie Hendricks,senior software engineer,Cloud Computing,1967-04-28,2005-12-27,gregory69@example.net,9702935407113,"46442 Jeffrey Extensions, Dunnland, WY 12497",18
188,Chase Byrd,senior software engineer,Microservices,1998-02-10,2017-03-08,april08@example.com,13462874293023,"5603 Sampson Place Suite 165, Duarteton, OR 35953",7
73,Travis Lewis,junior data engineer,ETL,1965-06-11,2005-04-10,thomasnguyen@example.com,922294702900161,"88170 Kristi Stravenue Apt. 125, Trevorbury, FM 08357",19
10,James Conner,senior software engineer,Microservices,1983-09-26,2011-04-08,gatesteresa@example.com,176621998903136,"9649 Buckley Tunnel, West Donald, OH 83767",13
133,Crystal White,senior data analyst,Statistics,1970-05-13,2022-06-20,thomaszhang@example.org,6802953622,"50559 Karen Shores, Port Normahaven, NJ 79323",2
26,Robert Wade,senior data analyst,Data Modeling,1986-01-31,2005-05-02,john29@example.org,8904982099003,"3768 Collins Lane, West Martha, PW 49634",19
231,Benjamin Young,junior data scientist,Data Visualization,1986-12-01,2021-12-26,joyce64@example.org,16884128020257,"8017 Harrison Plain, Port Edward, DE 75293",2
86,Justin Ramos,junior software engineer,JavaScript,2003-02-17,2017-06-16,cassandra99@example.net,3938501493430,"457 Wong Grove Apt. 101, East Pennychester, AK 89975",7
143,George Hamilton,senior data analyst,Predictive Analytics,2000-10-24,2022-11-02,kturner@example.net,1648927112382283,"PSC 3480, Box 2029, APO AE 82152",1
178,Michael Potter,senior data analyst,Data Modeling,1987-12-20,2010-03-12,wbrown@example.net,6372216383,"64638 Espinoza Summit Apt. 932, North Michael, DC 58481",14
264,Sheri Williams,senior data analyst,Predictive Analytics,1962-11-11,2011-01-10,alison28@example.org,15144017182903,"4484 Gardner Dam Apt. 569, Jefferymouth, PA 82001",13
98,Nicholas Hernandez,senior data engineer,Hadoop,2003-06-13,2015-08-31,washingtonkatherine@example.net,2704195022,"232 Walton Drive, Spencerland, NV 16270",9
370,Carrie Nguyen,senior data scientist,Machine Learning,1979-02-13,2008-09-01,williamsrobert@example.org,12064755423,"62135 Jennifer Isle, Lake Andrea, SD 10319",16
459,Matthew Perez,senior data scientist,Machine Learning,1963-11-07,2010-02-27,murrayheather@example.com,171072081248856,"70330 Wagner Lodge Apt. 615, Newtonland, ID 92517",14
445,Denise Bowman,junior data scientist,Data Visualization,2003-03-29,2015-01-05,qarias@example.com,1483925148806722,"2743 Mathis Bridge, West Keithton, IN 41622",9
57,Michael Cooper,junior data engineer,Python,1966-06-17,2013-05-06,ltravis@example.com,1383450140045258,"78441 Robert Landing Apt. 067, Susanbury, VI 09428",11
101,Caleb Baldwin,junior data engineer,ETL,1986-11-13,2023-09-05,cindy14@example.com,5707369575,"Unit 0413 Box 9767, DPO AP 46133",1
419,John Bates,senior software engineer,Cloud Computing,1999-01-19,2014-09-06,lucasriggs@example.org,5242454514785,"7093 Diana Mountains Apt. 348, West Lisa, GA 16306",10
137,Benjamin Bender,junior software engineer,JavaScript,1982-12-13,2021-03-03,leonardkenneth@example.com,17619624202,"770 Schultz Branch Suite 167, Byrdside, WI 47563",3
210,Cody Fox,junior data scientist,SQL,1979-12-22,2024-07-21,olivia80@example.com,1254504220535732,"809 Taylor Plain, Pamelamouth, FL 61825",0
402,William Harris,senior data analyst,Data Modeling,1996-07-30,2008-01-10,hannah09@example.com,19096495679,"818 Gould Cove Suite 310, West Susantown, KS 01256",16
31,Joseph Walton,senior software engineer,DevOps,1992-06-22,2021-09-25,christopher97@example.com,3504633880,"3880 Watkins Haven, Rileymouth, PR 48142",3
192,John Parsons,junior data engineer,Python,1986-05-10,2008-04-25,amandapage@example.com,142891413671803,"56006 Salas Hollow Apt. 384, Zoechester, NH 31807",16
100,Hunter Blake,junior data analyst,Tableau,1957-04-27,2018-01-14,keith47@example.org,18963680486582,"1684 Henry Field, East Tyler, VT 81132",6
231,Trevor Hoffman,senior data engineer,Hadoop,1961-02-05,2018-01-06,ericksonmatthew@example.net,7726534807259,"PSC 4869, Box 4021, APO AE 59115",6
329,Michele Burke,junior software engineer,CSS,2000-04-08,2010-01-13,maria87@example.com,148690694690879,"775 Michael Mews, Jasminefurt, MI 03990",14
301,Michelle Martin,senior data analyst,Predictive Analytics,1966-03-21,2007-03-06,jessica02@example.net,5404079830,"386 Brown Shores, South Deborahburgh, KY 14669",17
300,Charles Ewing,senior data scientist,Natural Language Processing,1975-03-03,2007-11-04,ylewis@example.org,6514610361,"47261 Schneider Ways, South Reginald, PR 77538",16
498,Jessica Beck,senior data scientist,Machine Learning,1987-10-26,2015-06-26,ggarrett@example.org,9786845065,"05687 Miller Crossing Apt. 283, South Michael, MA 52161",9
314,Paula Strickland,junior software engineer,CSS,1980-12-22,2018-03-13,caitlin22@example.org,2669503486,"58083 Michael Place, Crystalberg, CO 19876",6
305,Kimberly Haynes,junior data scientist,SQL,1994-05-05,2019-02-08,anthony78@example.com,4896714243,"43441 Park Parks Apt. 609, Owensfurt, WA 61307",5
394,Brooke Davenport,senior data analyst,Predictive Analytics,1964-06-05,2011-08-02,william82@example.org,1435885811204307,"PSC 5300, Box 3644, APO AE 47396",13
344,Larry Collier,senior software engineer,Microservices,1990-11-23,2008-08-26,angelawilliams@example.org,42024296353103,"7772 Phillips Rapids, Lake Willieborough, PW 34966",16
446,Scott Crawford,senior software engineer,Cloud Computing,1965-11-12,2024-07-18,richard93@example.com,2105535407,"75804 Anthony Drive Apt. 097, Brentburgh, DE 66555",0
391,Jeffrey Hill,junior software engineer,CSS,1998-01-09,2022-09-07,castillobenjamin@example.com,34957806305995,"7921 May Forest Suite 338, Davidmouth, VI 78710",2
329,Jacob Williams,senior data engineer,Hadoop,1987-08-11,2006-10-22,betty11@example.net,14596925206734,"281 Kimberly Lights Apt. 565, South Jenna, PA 70432",17
20,Ronald Orozco,junior data scientist,Data Visualization,1968-08-28,2006-10-12,jason82@example.org,9004540701,"00865 Brown Hills, Davidberg, KS 51780",18
364,Dennis Walker,senior data scientist,Machine Learning,1973-02-20,2006-02-18,moralestiffany@example.net,7277153821,"1393 Rodriguez Wall Suite 953, Holmesstad, CO 70235",18
377,Lisa Page,junior data engineer,Python,1986-03-15,2020-11-25,cherylsanders@example.org,17299486463,"41616 Michael Lock Apt. 666, South Cynthiachester, WA 69686",3
268,Michael Mitchell,junior data engineer,ETL,1983-10-12,2023-03-16,amy93@example.net,9252908712,"49833 Hayden Keys, New Jamietown, VI 49619",1
285,Wayne Best,senior data analyst,Predictive Analytics,1967-11-04,2007-06-14,daviskristen@example.com,19204255323,"360 Cynthia Manor Apt. 958, Vanceport, DC 99588",17
245,Corey Ford,senior data engineer,Spark,1987-04-19,2011-06-09,washingtonmanuel@example.org,804414524772012,"976 Jesse Parkway Suite 779, East Lauraland, UT 78461",13
181,Catherine George,senior data analyst,Data Modeling,1983-05-02,2023-06-29,david87@example.com,18315007284,"740 Johnson Estate Suite 952, Lake Johnfort, MT 86263",1
77,Micheal Lester,senior software engineer,Cloud Computing,1970-11-11,2018-12-04,pittsjohn@example.net,6202772760,"993 Cox View Suite 342, New Jeffrey, MH 79930",5
280,Elizabeth Lynch MD,senior data analyst,Data Modeling,1960-05-28,2013-06-12,stacystephens@example.com,166182176968904,"57845 Darren Rapid Apt. 468, East Alberttown, FM 32470",11
115,Kathleen Donovan,senior data engineer,Hadoop,1956-02-04,2011-06-22,jonesjason@example.org,9293861156674,"962 Solis Hollow, South Kristinhaven, IA 10510",13
269,Christopher Bryant,senior software engineer,Cloud Computing,1971-02-07,2012-02-19,moorecaroline@example.com,372662161552428,"USNV Miller, FPO AA 53106",12
221,Noah Hurst,senior software engineer,Microservices,1956-03-13,2015-01-13,hollandbrittany@example.org,183578958027714,"46393 Perry Manors Suite 520, North Alan, AK 81539",9
456,Stephanie Hernandez,junior software engineer,JavaScript,1973-06-14,2014-08-29,stevemcintyre@example.org,7147765985,"2230 Preston Oval Apt. 772, North Reneeburgh, LA 28056",10
436,Andrea Martinez,junior data scientist,Data Visualization,1965-08-26,2010-03-19,combsjessica@example.org,6118307681,"29799 Michael Walk Suite 561, Ginaport, ID 22313",14
448,Shelby Elliott,junior data analyst,Excel,1989-05-22,2017-02-14,kimjennifer@example.com,2149809331,"50734 Russell Underpass Apt. 601, New Robertberg, PA 76221",7
446,Andres Martinez,junior software engineer,HTML,1981-11-21,2004-12-24,amber71@example.org,7965744364,"5397 Justin Lock, Pattystad, MD 61408",19
294,Amanda Stewart,junior data engineer,ETL,1972-03-12,2010-11-10,eric69@example.com,6395688493575,"280 Jones Ferry Suite 246, Marymouth, AK 95230",13
83,Tracy Taylor,senior data engineer,Spark,1981-09-23,2017-06-25,nataliecross@example.com,162163057366136,"1903 Tammy Rue Apt. 141, South Amanda, FM 93113",7
328,Austin Adams,junior data scientist,Data Visualization,2005-01-10,2017-04-04,timothybates@example.org,3442560820731,"3750 Jones Dam Apt. 333, Jessicaton, IL 09028",7
248,Bryce Woods,senior data analyst,Data Modeling,1991-03-02,2017-11-16,hullcandace@example.com,8134950222,"37875 Lopez Loop, Davisport, LA 04050",6
16,Gary Henry,junior software engineer,CSS,1987-08-02,2014-12-11,rachel99@example.org,216425324740267,"USCGC Williams, FPO AE 33374",9
455,Wyatt Walsh,junior data analyst,SQL,1981-04-02,2022-11-26,mcdowellhenry@example.com,8565601732,"1261 Smith Keys Apt. 963, North Maryton, IA 24456",1
153,Samuel Potts,senior data scientist,Machine Learning,1960-10-07,2010-12-11,garciaalicia@example.net,8719351347,"025 Newton Walks Apt. 312, New Eddieview, KS 83257",13
250,Daniel Luna,junior software engineer,CSS,1976-10-23,2010-04-24,mduran@example.com,9649369516,"8371 Michael Island, West Christianhaven, SD 05103",14
140,Todd Zavala,senior data scientist,TensorFlow,1960-08-18,2012-03-01,iduke@example.net,2068784263925,"213 James Parkway, Michaelberg, PA 11165",12
427,Kimberly Berry,junior software engineer,HTML,1986-06-27,2021-01-23,marissafranco@example.org,12246790668175,"57492 Rachel Ways, North Benjaminmouth, AL 23555",3
61,Katherine Hill,junior data analyst,Excel,1972-05-14,2008-05-17,guerreromelissa@example.net,7552541284,"858 David Expressway Suite 218, New Kevinside, VT 25700",16
134,Robert Foley,senior data scientist,Machine Learning,1989-05-28,2014-05-06,mtodd@example.net,1965795188683312,"Unit 9633 Box 6082, DPO AA 75767",10
130,Gregory Smith,senior data scientist,Machine Learning,1989-11-17,2012-05-02,nhenderson@example.com,16513705375153,"2310 Jose Pines Apt. 773, Lake Michael, RI 12845",12
430,Albert Kelly,senior data analyst,Statistics,1969-02-05,2013-06-11,amanda64@example.com,149287240720800,"229 Adam Flat Suite 494, Daltonview, VI 62737",11
438,Jeremiah Simmons,senior data analyst,Statistics,1998-09-02,2011-10-31,crystalwhite@example.org,71672560394545,"58471 Kevin Centers, Jacquelineport, AZ 21433",12
323,Jeffrey Maddox,senior data engineer,Hadoop,1966-10-03,2022-09-10,xrobertson@example.net,1913257673291326,"0388 Ortiz Mountains Suite 924, Gallagherburgh, WY 80217",2
384,Holly Carter,junior data scientist,Python,1965-04-22,2021-06-19,twong@example.org,7509539224,"466 Michelle Row, Alexandershire, LA 79304",3
161,Keith Trujillo,junior data engineer,ETL,1963-04-08,2016-12-16,johnsonmichael@example.org,4002964641241,"025 Susan Locks, Coxfort, NV 35282",7
236,Amanda Howard,senior data scientist,TensorFlow,1963-03-02,2015-08-22,danny03@example.net,16326284578,"47391 Thompson Crossing Apt. 979, West Edwardchester, FL 84923",9
256,Donald Pena,senior software engineer,DevOps,1963-10-04,2016-01-29,keith72@example.org,4532419617,"38513 Love Fall, Christinaside, NJ 63661",8
198,Jennifer Kelley,junior data engineer,Python,1963-09-04,2006-09-02,gonzalezamanda@example.org,13037756808373,"69121 Whitney River Suite 609, Montgomeryside, SD 22457",18
136,Alejandro Boyle,senior data engineer,Spark,1981-04-29,2007-01-29,ovasquez@example.org,34296968473479,"81596 Norma Extensions, South Garrettstad, MT 51347",17
145,Timothy Macias,junior software engineer,JavaScript,2003-08-04,2011-05-31,aphillips@example.org,13933689597629,"217 Audrey Harbor, Samuelstad, AR 53230",13
145,Adam Patel,senior data analyst,Predictive Analytics,1970-08-24,2024-05-05,roy17@example.org,14166848764456,"42576 Allison Glen Apt. 149, Michaelland, AL 43498",0
11,Cassandra Jenkins,junior software engineer,JavaScript,1956-10-15,2009-06-30,margaret35@example.com,14736984719493,"0314 Diaz Flats Suite 444, Leton, CA 86028",15
360,Alejandro Manning,junior data engineer,Python,1990-07-05,2017-09-25,laura05@example.net,6458908473277,"USNS Johnson, FPO AA 45633",7
451,Angelica Cook,junior data analyst,SQL,2006-03-23,2024-07-16,justin15@example.com,2684778877,"52732 Ashley Crest Apt. 929, North Hollyshire, WY 14178",0
435,Crystal Woods,senior data engineer,Data Lakes,1983-02-13,2007-09-03,andersonjoshua@example.net,949567581801511,"2601 Woods Estate Suite 528, Jenniferfurt, MN 81539",17
308,Kimberly Price DVM,senior data engineer,Hadoop,1963-07-31,2013-02-22,jordanamy@example.net,1454525768642609,"77358 Rush Crest, New Dannyport, DE 64776",11
301,Steven Brooks,junior data engineer,Python,1971-07-01,2014-08-26,jennifer04@example.org,122331339181276,"USS Torres, FPO AP 04268",10
172,Bradley Collins,senior data analyst,Predictive Analytics,1983-05-20,2024-09-24,igonzalez@example.org,5199538698,"USCGC Hernandez, FPO AE 69134",0
331,Ryan Cruz,senior data engineer,Hadoop,1969-04-01,2011-06-28,smoore@example.net,15895802048,"040 Hardin Park Apt. 101, Beckerville, AR 91659",13
57,James Walls,senior software engineer,Cloud Computing,1988-10-29,2005-10-11,barnesashley@example.com,459795780547695,"0434 Simmons Neck Suite 098, Lake Susanmouth, FL 50073",19
218,David Mitchell,junior data engineer,ETL,1992-12-12,2008-12-05,kboyle@example.net,9703741377,"3270 Kevin Mews Apt. 551, Fisherport, FL 16109",15
139,Crystal Patterson,senior software engineer,Cloud Computing,1968-02-01,2013-02-15,debrarobinson@example.net,32663388850998,"928 Trevor Inlet, Edwardshire, IL 25471",11
267,Ryan Potter,senior software engineer,DevOps,1999-12-13,2005-02-16,jdavis@example.org,34094344208646,"44634 Williams Isle Suite 411, Port Jacob, NV 50300",19
115,Andrea Martinez,senior data engineer,Data Lakes,1960-06-21,2006-12-15,wboone@example.com,7815126894845,"282 Stout Point Suite 360, North Jillianchester, TX 85890",17
325,Mark Nelson,junior data engineer,Data Warehousing,1962-07-12,2007-08-16,william76@example.com,5184929685799,"94894 Cohen Dale Suite 356, Johnsonmouth, NY 76205",17
395,Kara Garcia,junior software engineer,JavaScript,1994-08-09,2010-03-20,mossrobert@example.com,1763904585329441,"574 Harris Land, East Johnny, NH 64689",14
255,Louis Jensen,junior data scientist,Python,2000-10-07,2013-12-27,taylor15@example.org,504983270830774,"42105 Peterson Forest Suite 215, Shawton, DC 34855",10
364,Michael Andrews MD,senior software engineer,DevOps,1973-11-26,2009-02-11,willie43@example.net,8675217974,"59953 Alexis Ranch, East Joseph, IN 50367",15
465,John Palmer,junior data analyst,Tableau,1965-02-19,2018-01-13,shuber@example.org,6926958968356,"39116 Erica Groves Suite 103, Garciastad, NH 47056",6
444,Austin Bonilla,senior software engineer,Cloud Computing,1995-10-29,2013-10-23,rachaelpineda@example.net,3533214813,"142 Abigail Mills, West Colinmouth, NE 18519",10
97,Brittany Robinson,senior data engineer,Data Lakes,1957-02-13,2006-07-14,ogrant@example.net,3479500526,"120 Yu Isle, Schmidtchester, AS 23925",18
160,Tracy Weber,junior data scientist,Python,1971-08-19,2021-05-03,zprice@example.com,16169445357219,"193 Brown Turnpike Apt. 067, Nicolestad, SC 99612",3
471,Jody Harris,senior data analyst,Statistics,1986-04-18,2005-09-18,blakespencer@example.com,1373711683224669,"04191 Christopher Overpass, Lake Leslieland, SD 63005",19
45,Randall Ward,junior data engineer,Python,1986-09-17,2005-03-01,smithdiane@example.com,1967593920084967,"USS White, FPO AP 35050",19
480,Pamela Smith,senior data engineer,Hadoop,1983-02-09,2017-10-30,chanrobert@example.org,46336942387555,"157 Jessica Locks, Isaacstad, MT 87625",6
395,Shane Williams,senior data engineer,Hadoop,1988-04-10,2008-09-04,jodidennis@example.net,69335494708157,"602 Becky View Apt. 913, South Kathleen, GA 70208",16
255,Vicki Munoz,junior data engineer,Data Warehousing,1960-11-29,2020-02-14,ythompson@example.org,7005862536961,"85235 Schmidt Loop Apt. 132, West Sheila, VT 05567",4
270,Robert Mitchell,senior software engineer,DevOps,1963-10-28,2019-07-13,bgonzalez@example.net,26956532157297,"9256 Duffy Mountain, West Anthony, VA 41697",5
259,Susan Jones,junior data engineer,Data Warehousing,1956-01-29,2008-08-07,peter33@example.net,45390787571094,"8968 Ashley Fall Apt. 321, Norrisburgh, MT 65985",16
354,Tonya King,senior data scientist,TensorFlow,1972-07-16,2022-02-10,christopher97@example.com,6053609985,"1148 Troy Plains, Yangfort, SD 29240",2
419,Michael Sanders,senior software engineer,DevOps,1995-07-11,2015-12-03,walkerjeffery@example.net,5074882003,"955 Tara Burg Suite 318, Coreyville, ID 24742",8
353,Alexis Harrison,senior software engineer,Cloud Computing,1959-04-29,2018-07-01,medinajoseph@example.org,1386470871945414,"801 Williams Ridges Apt. 950, Callahanmouth, HI 56113",6
184,James Morris,junior data analyst,Excel,1970-04-19,2016-06-12,marycollins@example.net,82572220624599,"572 Susan Union, Port Emma, FL 49038",8
466,Melissa Li,senior data analyst,Predictive Analytics,1987-12-13,2014-08-05,michellefreeman@example.net,576435748709897,"8345 Johnson Junction Apt. 578, Davidberg, LA 41789",10
428,Jason Miller,senior data analyst,Statistics,1963-12-09,2005-10-17,tiffany41@example.com,26075569339027,"995 Thomas Common, Port Elizabethchester, PW 30317",18
466,Colin Gentry,senior data engineer,Spark,2003-12-14,2005-02-01,cassandra07@example.com,9407173692,"99962 Ramirez Shoals Suite 314, North Michelleberg, IL 38933",19
189,Jennifer Sosa,senior data scientist,Natural Language Processing,1964-03-01,2018-01-11,justincoleman@example.org,7853891764,"61608 Jacob Throughway, West Debbie, VI 48302",6
217,Bryan Ward,senior software engineer,Microservices,1966-09-14,2007-03-10,stephanie13@example.com,40996555366405,"88881 Martha Court Apt. 215, West Laurenmouth, UT 91363",17
130,Karen Crawford,senior data scientist,TensorFlow,2000-09-28,2011-03-03,rachel37@example.com,145687377446149,"Unit 6360 Box 0214, DPO AA 83207",13
399,Steven Garcia,junior software engineer,CSS,1976-04-17,2022-01-05,rbriggs@example.net,347943554157750,"266 Bob Hill, West Yvonne, NV 06116",2
207,John Lee,junior data scientist,SQL,1976-04-04,2019-12-25,castrokimberly@example.org,9124812469,"87911 Anderson Vista, Port Charlesberg, GU 32084",4
200,Kristie Bush,junior data scientist,Python,2001-10-03,2021-06-24,stacy37@example.net,19189088821,"5467 Burke Falls, East Eric, SD 59058",3
122,Sara Washington,junior data engineer,ETL,1960-03-12,2007-10-03,chapmanlisa@example.net,177028608574293,"3953 Nelson Center, East Grantburgh, FL 01682",17
95,Caitlin Gomez,junior data analyst,Tableau,1993-10-22,2015-05-18,xjones@example.com,8879121707024,"Unit 3869 Box 6017, DPO AP 98503",9
407,Michael Guzman,junior software engineer,CSS,2000-10-29,2024-05-07,randerson@example.net,862409308839211,"USNV Miller, FPO AP 10984",0
495,Dennis Guzman,junior data engineer,ETL,1962-08-11,2020-06-06,tpeterson@example.org,15694199923276,"9864 Frazier Fords, Audreytown, FL 63056",4
303,Gary Davis,senior data engineer,Hadoop,1962-05-28,2011-12-10,janearmstrong@example.net,9033642164922,"7096 Patricia Cliffs Suite 332, West Erinside, PA 56031",12
225,Devon Caldwell,senior software engineer,Microservices,1974-06-24,2023-10-10,colemanmegan@example.com,3083247441,"1664 Tammy Square, Kimberlyland, SD 62649",1
483,Matthew Jackson,junior data analyst,Excel,1970-02-08,2022-04-23,phillipwoodard@example.net,770231794401593,"92408 Rodriguez Prairie Apt. 556, Port Bradleymouth, NV 03458",2
225,Mark Morgan,junior data scientist,Python,1976-04-13,2011-04-12,grimesdanielle@example.net,4085639959,"09474 White Fork, Melissaside, WI 80990",13
51,Ronald Baker,junior data engineer,ETL,1990-08-11,2018-08-14,sarahwilson@example.net,910495938312252,"84033 Sutton Fort, Port Donaldville, ND 07171",6
174,Tammy Arroyo,junior software engineer,CSS,1999-01-15,2007-12-27,kelsey82@example.org,77444445214578,"1261 Hector Freeway, Smithburgh, CO 86275",16
335,Darlene Romero,senior software engineer,DevOps,1963-07-16,2008-08-14,lowejennifer@example.com,131494238447874,"USNS Jackson, FPO AP 28538",16
481,Jonathan Allen,senior software engineer,Microservices,2004-02-18,2021-08-20,melissa97@example.org,14303271359633,"USS Pena, FPO AE 76350",3
468,Rhonda Bradley,senior data engineer,Hadoop,1976-09-16,2010-10-26,yheath@example.net,183860240187704,"47363 Richard Vista, Romeroshire, RI 37755",13
460,Donna Andrews,junior data engineer,Data Warehousing,1990-03-19,2012-12-11,qjones@example.org,7969417851,"9799 Daniel Stravenue Suite 317, Snyderstad, SC 26711",11
412,Alexander Baker,senior data scientist,TensorFlow,2004-01-19,2023-01-24,floresalison@example.com,1503456004188755,"26832 Rich Ferry, North Justinstad, AL 83730",1
347,Brian Wright,senior data analyst,Data Modeling,1970-05-25,2010-08-19,tiffanywilson@example.com,14202437533,"014 Margaret Cape Apt. 308, Reyesport, GA 99599",14
350,Ann Hines,junior data analyst,Excel,1975-05-27,2008-05-21,lindaweber@example.net,18515676557835,"3232 Thomas Knoll, West Matthew, IN 78100",16
419,Laura Martinez,junior data scientist,SQL,1991-09-10,2018-10-08,steven67@example.net,4316349520,"4930 Williams Crossroad, Moorefort, NJ 21767",6
400,Seth Cunningham,junior data analyst,Excel,1987-07-24,2010-10-09,dmack@example.com,214598223977114,"6888 Amanda Cliff Suite 681, East Brandon, IA 24078",14
204,Amy Carter,senior data scientist,TensorFlow,1964-03-15,2007-05-06,vstephens@example.org,99489599569345,"28523 Clark Burg Apt. 664, Matthewside, ND 56532",17
294,Katrina Mccullough,junior data scientist,SQL,1962-05-01,2013-09-12,nperez@example.net,18543306921085,"06581 Simpson Highway Apt. 852, New Alexandriashire, MI 00532",11
112,Willie Anderson,junior data analyst,Tableau,1997-01-20,2008-04-06,john96@example.net,6568881342,"726 Jones Ferry Apt. 044, Port Melissa, MP 75169",16
229,Allison Kelley,senior data engineer,Data Lakes,1955-06-26,2007-08-21,james08@example.com,7929741063990,"5320 Wagner Orchard, Williamsside, IA 78843",17
408,Julie Lynch,senior data engineer,Hadoop,1969-07-15,2012-01-17,cynthia35@example.net,199740724995753,"4220 Duncan Key Suite 946, New Jamieville, TN 43882",12
53,Amber Ross,senior data scientist,Machine Learning,1994-11-05,2024-07-11,ryanmoore@example.com,7778592256,"55646 Elizabeth Station, South Caitlintown, CA 30917",0
155,Dr. Wyatt Coleman DDS,junior software engineer,CSS,1990-12-22,2019-08-20,esnyder@example.com,18296345469,"8908 Rocha Pike Suite 266, Lake Matthew, IL 48437",5
311,Scott Graham,senior software engineer,Microservices,1998-09-01,2013-07-22,jacoblane@example.org,9843497577,"595 Jones Fords Suite 700, New Rachelbury, VI 89912",11
213,Ethan Sanchez,senior data scientist,TensorFlow,1962-10-17,2023-07-12,hawkinsjacob@example.com,261957625297809,"8658 Holly View Suite 276, South Kirk, ME 50820",1
11,Sabrina Peters,senior data scientist,Machine Learning,1966-10-05,2006-09-08,suttonamanda@example.org,39424806164747,"05471 Juarez Turnpike Apt. 608, Lake Shannonburgh, SD 55422",18
318,Kathleen Wilson,junior data engineer,ETL,1973-11-09,2020-02-29,maxwell29@example.com,19324561902341,"4281 Mclaughlin Islands, New Jessicaview, PR 48345",4
306,Lisa Miller,junior data analyst,Excel,1956-08-13,2009-04-11,qnicholson@example.com,7184059033,"54031 Lopez Place Suite 392, Stevenberg, NJ 50807",15
286,Valerie Taylor,junior data engineer,Data Warehousing,1969-04-03,2017-08-20,yhampton@example.net,1408744098396709,"5015 Miller Manors, Lewistown, NH 08992",7
69,Briana Johnson,junior data scientist,Python,1964-12-07,2007-08-03,suegarcia@example.net,2057873142,"6175 Reid Extensions Apt. 560, North Sandra, SC 96417",17
174,Heather Reid,junior data analyst,Tableau,2001-08-04,2014-01-30,ssnyder@example.net,4273077325,"120 Janice Mountains Suite 977, Walkerview, TX 17089",10
415,Christopher Perez,junior data analyst,SQL,2006-03-18,2018-04-24,codycook@example.com,717977626045111,"30730 Cole Extensions Suite 741, West James, MP 29868",6
30,Christopher Cruz,junior data engineer,ETL,1983-11-29,2006-12-07,floresdavid@example.net,6014659968,"807 Alan Isle, Hendersonberg, NM 50140",17
159,Joel Schneider,junior data scientist,Python,1981-03-15,2020-07-11,colleenreynolds@example.com,6177737022,"286 Adam Rue, Lake Lisaport, KS 98667",4
26,Kelly Stevens,senior data scientist,Natural Language Processing,1982-06-14,2012-11-18,nathan38@example.org,7267341811,"PSC 6808, Box 5196, APO AA 83026",11
240,Erica Russell,junior data analyst,SQL,1968-02-12,2024-03-02,stephanie30@example.com,9698322437692,"95081 Elizabeth Stravenue Apt. 846, Lake Lisa, OR 72345",0
62,Deanna Norton,senior data analyst,Data Modeling,2001-03-10,2020-03-22,allison64@example.com,8178806765732,"9343 Erickson Stravenue, West Brookeberg, TN 92755",4
219,Michael Gutierrez,senior data scientist,TensorFlow,1984-07-02,2014-04-27,patrick05@example.com,28182240966783,"53360 Hobbs Corners, Arthurborough, MA 99462",10
357,Victor Gonzalez,senior data analyst,Predictive Analytics,1961-06-09,2022-03-27,jwilson@example.com,3533473977,"776 Davis Island Suite 422, Josephport, MO 62205",2
170,Dennis Ortiz,junior data scientist,SQL,1971-01-03,2020-10-13,ramseyjerry@example.net,5254438228746,"697 Lynn Curve Suite 111, Brandonfurt, NY 12899",3
69,Stacie Hawkins,senior data engineer,Hadoop,1990-07-06,2010-09-08,lopezjoseph@example.net,2785806640,"USS Costa, FPO AA 28553",14
412,Judith Conner,junior data engineer,Data Warehousing,1995-09-30,2009-08-21,hurstkelly@example.com,3158429833055,"98891 Collins Squares Suite 929, South Kelliborough, MO 17544",15
27,Kelli Walker,junior data engineer,ETL,1993-12-08,2014-08-01,ricejoseph@example.org,5918337397086,"70563 Ford Heights, Thomasberg, VI 24334",10
333,Stacy Carr,senior data engineer,Hadoop,1954-02-06,2005-05-31,jaredhart@example.org,3288075510287,"USNS Booker, FPO AA 65152",19
347,Brian Brown,senior data analyst,Predictive Analytics,1985-05-05,2017-11-06,conwayrobert@example.com,138038556613304,"96213 Jennifer Overpass Suite 597, Christopherstad, MN 91362",6
193,Samuel Dalton,senior data engineer,Hadoop,1963-11-15,2012-05-03,spencereric@example.com,15388391572,"039 Butler Road, South Carl, PR 45788",12
74,Kayla Allen,junior data scientist,SQL,2006-09-17,2007-06-02,higginsjames@example.com,1950863990726326,"157 Harrison Islands Suite 313, Hartland, WI 25675",17
108,Renee Mccoy,senior data scientist,Natural Language Processing,1956-08-23,2016-06-22,lance90@example.com,19672904768,"837 Becky Grove Apt. 102, Kimberlytown, AK 22796",8
253,Daniel Meyers DDS,junior data engineer,Python,1958-11-22,2018-12-22,gsimpson@example.org,7342212800,"6539 Lisa Loop Suite 634, Carterfort, NJ 30599",5
156,Jennifer Norton,junior data analyst,Excel,1991-09-11,2016-07-02,andrewwagner@example.net,12357911943,"1262 Brown Mission Suite 547, Sullivanview, PA 20531",8
388,Erica Pitts,junior data analyst,Tableau,1978-11-13,2018-04-14,ltaylor@example.org,6793269364156,"4280 Melissa Cove Suite 161, South Charlene, SC 13889",6
484,Betty Scott,senior data analyst,Statistics,1976-02-13,2015-10-22,millerjessica@example.org,3875021116,"PSC 5323, Box 1909, APO AP 36177",8
406,Peter Jones,senior data scientist,Natural Language Processing,2001-10-22,2006-05-25,matthew90@example.net,9086623003,"57761 Michael Cliff, West Christopher, AL 31937",18
273,Joseph Cochran,senior data analyst,Statistics,1992-10-14,2005-04-09,amcgee@example.com,17599168558,"27155 Dawn River Suite 704, Vanessaland, AZ 05980",19
59,Kelly Morris,junior data analyst,Excel,1995-05-14,2011-12-22,barronbrittany@example.org,5572686274,"6385 James Court, Lake Willieville, IA 26571",12
267,Carol Carlson,senior data scientist,Natural Language Processing,1986-02-09,2010-12-08,newmanjuan@example.org,653398821340022,"17435 April Run, Nunezville, FM 98786",13
59,Mr. Timothy Greene,junior data engineer,Python,1988-03-20,2013-05-22,joseph23@example.org,63527895420872,"6372 Stephanie Pines, Pittmanview, MA 72960",11
46,Michael Douglas,junior software engineer,HTML,1971-03-21,2013-06-24,jameslindsey@example.net,5258625136,"70188 Jennifer Lodge Apt. 657, Sharonchester, OK 29750",11
31,Garrett Barrett,senior software engineer,DevOps,1991-07-14,2006-11-13,lweber@example.com,611865666930103,"89522 Madeline Path Apt. 121, East Kristineside, ND 14144",17
289,Deanna Baker,junior data scientist,Python,1992-07-05,2007-03-03,lshepherd@example.com,54299985338047,"749 Kathryn Prairie, Garciaburgh, MO 68784",17
430,Richard Harris,senior data scientist,TensorFlow,1961-03-12,2020-12-12,halldenise@example.net,4822157093113,"82761 Grant Burgs Suite 248, Nathanieltown, NV 87132",3
445,Christian Dudley,junior data analyst,Tableau,1989-05-13,2017-09-28,jonesedward@example.com,35858300979040,"8565 Collins Parks Apt. 183, Jacksonberg, MP 02888",7
152,Cassandra Landry,junior software engineer,HTML,2004-11-30,2012-07-06,byrdkim@example.org,1769430836562543,"9485 Guerrero Bridge, Lake Rachael, SC 07050",12
434,Courtney Rodgers,senior data scientist,Machine Learning,1978-06-28,2023-09-17,matthewchang@example.net,64226822141855,"35279 Nelson Lodge Suite 685, Port Lori, WA 36282",1
86,Kimberly Pratt,senior data scientist,Machine Learning,1986-01-13,2011-08-30,rebeccaaguirre@example.org,1660483208907484,"3680 Eaton Passage, West Maryport, ND 03624",13
124,Jennifer Anderson,senior data scientist,TensorFlow,2004-12-19,2009-09-17,kparker@example.org,2246277289,"9256 Larry Ford Apt. 120, Josephland, WI 63733",15
128,Jeffrey Davis,junior software engineer,JavaScript,2005-04-30,2012-10-06,robertwillis@example.net,17667019849,"69167 Rivera Mews, Martinezton, MN 99220",12
71,Roy Elliott,junior data analyst,Tableau,1998-08-04,2021-02-16,cory79@example.net,68256510761803,"30547 Zachary Causeway Suite 795, Darrenmouth, CA 19786",3
189,Kathleen Robinson,junior data engineer,Python,1991-02-10,2022-02-26,matthewsamy@example.net,2053274248,"614 Edward Knoll, Thomasview, AZ 56639",2
251,Matthew Murphy,senior data analyst,Data Modeling,2004-03-20,2013-07-16,eric66@example.org,215781389531086,"423 Jordan Mission Apt. 528, Davistown, WY 80959",11
455,Lauren Sweeney,senior data scientist,TensorFlow,1998-09-13,2014-01-07,leeamanda@example.com,19155473154,"PSC 7267, Box 2945, APO AA 10654",10
68,Michelle Sutton,senior data scientist,Machine Learning,1998-12-02,2006-01-13,hernandezsarah@example.net,1316774728506797,"37870 David Tunnel, Watkinschester, TN 16815",18
203,Cathy Riley,senior data engineer,Data Lakes,1954-03-13,2010-01-11,andres64@example.org,1551494645704462,"065 Williams Knoll Apt. 924, West Paulview, NJ 85113",14
477,Chelsea Braun,senior data engineer,Spark,2004-02-16,2010-12-02,nsharp@example.net,8933968518,"5645 Jon Prairie Suite 292, Rhondachester, IA 86088",13
424,Lori Marshall,junior data scientist,SQL,1955-04-28,2015-03-08,valeriebrock@example.org,2063071986791,"USCGC Harrison, FPO AA 10634",9
79,Michael Smith,senior software engineer,Microservices,1994-04-18,2020-10-20,ingramkristy@example.com,70865424144252,"6452 Stein Canyon, Mooreton, NJ 52817",3
87,Kevin Jones,senior data scientist,TensorFlow,1980-12-28,2016-05-15,geraldcordova@example.net,3296445229,"21765 Michael Grove Apt. 912, Morgantown, RI 44259",8
208,Douglas King,junior data analyst,SQL,1996-03-08,2014-08-20,nicholas60@example.org,6599209897070,"20525 Jessica Crossing Apt. 094, West Connorville, MA 70435",10
423,Alicia Martinez,junior data engineer,ETL,1958-05-22,2016-08-31,cortezbrandy@example.com,3232827413,"USNV Gay, FPO AP 43461",8
431,James Sherman,junior data analyst,Tableau,1962-01-30,2019-08-30,lukefritz@example.com,7716805399,"89844 Blake Trail Suite 848, Port John, MP 52320",5
276,Samantha Lawrence,junior software engineer,CSS,1970-09-23,2005-04-18,ksmith@example.org,3585258569,"17521 Barr Forest, East Sean, GA 51625",19
36,Kim Bray,junior data scientist,Python,2005-11-13,2013-03-15,dillonnguyen@example.org,5579201925,"Unit 4930 Box 2819, DPO AE 18764",11
459,Alan Patterson,junior data engineer,Data Warehousing,1984-06-03,2016-05-15,bphillips@example.net,181460324948822,"6575 Gonzalez Falls Suite 800, West Robertport, WA 35778",8
395,Evan Hanson,senior data analyst,Data Modeling,1973-10-24,2011-04-21,rbeltran@example.net,2116556578300,"43117 Pamela Camp, North Shannon, NJ 43529",13
450,John Sharp,junior software engineer,CSS,2000-04-24,2007-11-20,greenmichael@example.org,19384657860378,"93243 Carlos Estate Apt. 392, Amandaville, NH 20206",16
25,Alicia Stevens,junior software engineer,JavaScript,1982-04-04,2010-05-09,qmills@example.org,2454686623,"284 Alexis Valleys, Oliverberg, PA 31781",14
383,Anthony Ponce,senior data analyst,Data Modeling,1977-10-24,2012-10-22,rdennis@example.com,174127969658974,"421 Phillip Burg, Stevefort, PW 06840",11
245,Jesse Mccullough,junior software engineer,JavaScript,1992-06-17,2012-12-24,simmonsmelissa@example.com,52160604774964,"0386 Brown Cliff Apt. 071, North Samanthamouth, GU 12465",11
8,Steven Harrington,junior software engineer,JavaScript,1965-08-30,2004-10-22,anthony98@example.net,14547356197,"087 Hernandez Keys, South Morgan, MP 64366",19
198,Margaret Love,junior data analyst,Tableau,1968-10-17,2021-02-20,williamsjoe@example.org,545443720727057,"29717 Welch Flats Suite 906, Tiffanybury, DC 32857",3
205,Dr. Stephanie Lopez,senior data analyst,Data Modeling,1987-02-06,2015-04-18,misty21@example.com,37878230234292,"66446 Brown Springs, Gallegosberg, MN 14308",9
264,John Ward,junior data analyst,SQL,1992-04-13,2012-12-22,michaelkey@example.com,4446490865,"Unit 5571 Box 1346, DPO AA 39580",11
335,Julie Kennedy,junior data scientist,SQL,1974-07-21,2009-04-28,janet64@example.com,408620810742045,"8162 Evan Gardens, North Georgefurt, NH 23010",15
179,Mark Collins,senior software engineer,Cloud Computing,1958-01-28,2005-03-31,julie43@example.org,6265656185,"6899 John Port Apt. 760, Hayesfurt, WI 24116",19
111,Melissa Christensen,senior data analyst,Statistics,1982-02-05,2021-11-07,jasminearmstrong@example.org,7368675356719,"883 George Lodge Apt. 222, Port Andreamouth, SC 18933",2
425,Matthew Bryant,junior software engineer,CSS,1972-11-19,2022-12-13,michael97@example.net,1433598183423488,"37831 John Junctions Apt. 106, Jessicaburgh, LA 20745",1
442,Ryan Jones,junior data analyst,Excel,1972-12-01,2005-04-17,fdodson@example.org,2133569975655,"1710 Callahan Neck Suite 219, Port Lucasberg, GA 15725",19
260,Hunter Diaz,junior data analyst,Tableau,1992-12-05,2010-11-04,brockdonna@example.com,12012311338,"811 April Stravenue Suite 001, Margaretburgh, MT 13393",13
490,Elizabeth Boyd,senior data analyst,Predictive Analytics,1958-10-29,2020-12-23,adamsalexis@example.org,7434698766,"6398 Nichols Meadow Apt. 886, Jamesside, MP 17609",3
152,Jason Stanton,senior data engineer,Hadoop,1954-07-11,2022-05-01,duncanjonathan@example.net,3545975464332,"7327 Edward Ville, Lake Briana, DC 61724",2
106,Russell Smith,senior data analyst,Data Modeling,2001-05-11,2021-08-25,loriharris@example.net,452512105985334,"38878 Katie Isle Apt. 946, West Thomasberg, CT 47771",3
121,Barbara Webb,senior data analyst,Statistics,1972-08-26,2011-09-11,laura85@example.org,6113939658,"948 Horn Lake, Smithville, NC 96013",13
453,Lisa Lee,senior software engineer,DevOps,2000-07-31,2015-12-22,codyconner@example.org,54159447933435,"0325 Jessica Lakes Suite 624, New Stephanie, KY 83100",8
449,Tiffany Harrison,junior software engineer,HTML,1961-02-16,2018-10-01,anitafigueroa@example.com,52028438797716,"333 Ray Place, Deborahport, UT 24223",6
108,Sara Erickson,senior data analyst,Predictive Analytics,1980-11-21,2016-07-29,hannah85@example.com,760984560009457,"5791 Dixon Shores Apt. 927, South Brittanystad, WY 73184",8
488,David Day,junior data scientist,Data Visualization,1975-04-05,2010-10-14,velezsophia@example.net,13678250202,"895 Grant Stream, Hartmouth, CO 07394",13
266,Tracey Hall,junior software engineer,CSS,1973-12-23,2004-12-01,amartinez@example.net,190797284163422,"628 Johnson Stravenue Apt. 518, New Matthewstad, AR 08572",19
27,Mark Alvarez,senior data engineer,Spark,1987-08-25,2005-09-06,ingramtiffany@example.com,18865016672859,"307 Hull Run, Jonathanport, PA 21259",19
428,Michele Michael,junior data scientist,Data Visualization,1977-02-09,2010-11-30,michaelray@example.org,4912745079,"68218 Hays Radial, Hernandezport, OR 13125",13
432,John Butler,junior data scientist,SQL,1963-02-21,2011-09-01,jesusjacobson@example.com,494908452642051,"116 Brian Crescent Apt. 407, West Steveside, KY 90810",13
275,Samantha Thompson,senior data scientist,Natural Language Processing,1989-11-30,2013-05-16,morganrachel@example.com,8082036459,"59698 Williams Circle Apt. 289, Lake Michaeltown, MD 51086",11
159,Joseph Jackson,junior data analyst,Tableau,1978-01-11,2012-07-21,colinharding@example.org,1517596824871259,"31898 Harry Corner Apt. 104, Adamsland, NV 29134",12
180,Nathan Mendoza,senior software engineer,DevOps,1961-01-29,2020-04-22,robertharper@example.net,175671213715820,"USCGC Wolfe, FPO AP 26216",4
407,Melissa Diaz,senior data analyst,Predictive Analytics,1994-04-18,2024-02-26,dustin12@example.com,86334148888661,"8314 King Spur, Nolanchester, MH 13937",0
342,Whitney King,senior software engineer,Cloud Computing,1962-06-18,2016-02-17,richarddustin@example.com,889780267848991,"535 Amy Manor Apt. 473, Porterchester, PW 50851",8
420,Terry Wolf,junior data engineer,Data Warehousing,1973-03-16,2017-04-01,devindavila@example.com,120461943097541,"991 Norton Pines, North Katiefurt, KY 30046",7
81,Matthew Bray,junior software engineer,HTML,2000-08-24,2015-12-11,marshallwilliam@example.net,7722418510,"931 Smith Circles Suite 729, Higginsstad, UT 25326",8
402,Ariel Herrera,senior software engineer,Cloud Computing,2001-02-15,2015-06-13,anthony32@example.org,301855841502107,"834 Young Ferry Suite 179, Gomezfurt, FM 88521",9
200,Michelle Mata,senior data engineer,Spark,1967-07-12,2008-04-21,carpentercheryl@example.net,14813340492140,"479 Miller Club, Grantmouth, CO 89119",16
349,Christina Miller,senior software engineer,Microservices,1958-05-25,2007-05-15,huntbrendan@example.net,648333661048713,"15318 Cummings Wall, Jacksonland, MH 52080",17
466,Alexandra Johnson,junior data scientist,SQL,1966-11-23,2009-09-02,owenmarie@example.com,5186852091,"7209 Martin Ville Suite 698, East Stacyfort, MN 08872",15
384,Megan Mcdaniel,junior data scientist,Data Visualization,1981-09-28,2011-01-23,ehunt@example.net,8237959924,"94118 Pacheco Mission Suite 485, Vincentside, ND 11577",13
315,Donna Mccullough,junior software engineer,HTML,1963-05-18,2005-02-23,ebranch@example.net,2695745516,"PSC 7809, Box 6544, APO AE 57485",19
333,Kimberly Romero,senior data analyst,Statistics,1986-12-05,2019-11-01,christine93@example.org,813550097208855,"8249 Rose Trail Suite 860, Moorefort, SC 77397",4
124,Dr. Douglas Anderson,junior software engineer,HTML,1973-01-10,2023-06-10,khankarina@example.com,15082009068368,"PSC 6566, Box 9666, APO AP 37097",1
234,Miguel Harvey,senior data scientist,Natural Language Processing,1998-04-11,2012-02-10,glamb@example.com,192171897065043,"302 Janet Spur, Riveratown, FL 79332",12
308,Thomas Russell,senior data scientist,Machine Learning,1987-06-19,2013-10-15,higginsbrent@example.org,9699004490,"904 Robinson Field, Lake Deborah, NY 92056",10
96,Todd Andersen,senior data analyst,Data Modeling,1999-06-04,2014-01-10,christina51@example.net,875380230607642,"4675 Thompson Drives Apt. 793, Alanshire, NE 10113",10
456,David Brandt,junior data engineer,Data Warehousing,1982-04-25,2008-06-13,ubell@example.org,985660349495675,"2691 Holly Green, New Brittanymouth, TN 59772",16
479,Michael Petersen,junior software engineer,JavaScript,1983-11-02,2014-09-23,bkim@example.com,95342764111711,"097 Pamela Pass, New Edwardmouth, PW 29291",10
377,Ruben Carlson,senior software engineer,Microservices,1992-06-25,2016-01-05,erica17@example.net,7242324035359,"36735 Dustin Trace, Lake Breanna, NJ 88869",8
355,Caitlyn Jacobs,senior data engineer,Data Lakes,1975-08-28,2016-08-07,michael00@example.org,3187661080,"087 Gutierrez Mission Suite 218, Richardsonhaven, TN 68381",8
214,Adrian Boyle,senior data engineer,Spark,1968-06-05,2019-08-20,xjohnson@example.net,13104668267816,"04113 Mark Meadows Apt. 930, New Andreaside, CO 29786",5
417,Valerie Montgomery,senior data analyst,Predictive Analytics,1986-11-03,2022-02-23,westcassie@example.net,19809263961129,"27426 Larry Rapid Apt. 274, Finleyview, AS 96262",2
50,Timothy Hayes,junior data analyst,Tableau,2001-01-29,2017-10-21,jjackson@example.com,472383529157283,"769 Angela Field, New Pamela, MN 79783",6
293,Brian Martin,junior software engineer,JavaScript,1993-07-16,2023-03-02,jaybenitez@example.com,17667659157,"Unit 8814 Box 5290, DPO AA 17842",1
156,Margaret Clark,junior data scientist,Python,1972-07-24,2020-05-08,gabrielsmith@example.org,15807063511962,"5256 Ryan Lights, Port Jessicachester, MH 43445",4
44,Stephen Morgan,junior data engineer,Python,1989-03-01,2014-06-19,christineburgess@example.org,523381263207422,"3322 Kevin Cliffs Apt. 064, West Lisaborough, AZ 50499",10
153,Shane Sullivan,junior data engineer,Data Warehousing,1980-12-11,2015-04-15,alexpage@example.org,6523988200,"1944 William Drives, Rachelburgh, MT 19171",9
379,Craig Santiago,junior data engineer,ETL,1989-09-04,2012-12-01,brenda74@example.org,198690198280867,"760 Martin Oval Apt. 796, Darrenmouth, IA 05889",11
285,Pamela Smith,junior data engineer,ETL,1969-11-16,2018-10-20,nmcbride@example.com,8824681664,"504 Kelley Plains, Websterberg, OR 25909",5
445,Mark Wells,junior data scientist,SQL,1988-04-14,2009-11-28,gregory44@example.org,68529190245755,"231 Patricia Throughway, Campbellborough, GA 68675",14
494,Diane Norman DDS,senior data scientist,Machine Learning,1960-11-30,2015-02-10,jasminethompson@example.com,7658738994,"25197 Daisy Tunnel, Christopherberg, HI 05011",9
288,Kathleen Dickerson,senior data engineer,Data Lakes,1979-02-27,2021-04-04,swiley@example.net,3187612341,"5330 Marks Fall Suite 222, New Scottland, MI 73977",3
115,Carrie Espinoza,junior software engineer,CSS,1984-04-03,2024-08-27,amber12@example.net,7858405422,"2622 Cody Points, Taylorburgh, FL 20272",0
141,Jennifer Macdonald,senior software engineer,Cloud Computing,1999-09-30,2021-07-17,bradleyramos@example.org,4785239329,"Unit 6347 Box 9466, DPO AE 59563",3
21,Charles Perez,junior data engineer,ETL,2003-08-28,2019-11-15,ryan33@example.org,7919972059,"117 Vance Well, Hensonmouth, PW 82241",4
43,Christian Jones,junior data analyst,Excel,2002-07-18,2014-12-21,nancy66@example.org,66925741621071,"3946 Keith Ranch, Port Deniseton, PR 54738",9
51,Ashley Lee,senior software engineer,Microservices,1961-12-23,2006-06-14,samuel27@example.com,126868377035007,"764 Williams Island, North Amandaton, TN 69207",18
407,Jose Dawson,junior data analyst,Excel,1979-11-09,2016-11-12,lauren22@example.org,5419549145679,"72907 Preston Dale Suite 464, Christopherhaven, NH 30583",7
189,April Frank,junior data engineer,Data Warehousing,1971-09-06,2011-10-18,ryan86@example.com,395800356410388,"567 William Gateway, Lake Jerrymouth, NJ 68925",12
159,Anthony Nguyen,junior software engineer,CSS,1970-06-07,2016-12-29,smithnicole@example.com,13135108906,"827 Gibson Mountain, North Tracy, MN 25767",7
67,Derek Davis,senior data analyst,Statistics,1986-08-17,2012-03-01,richardserin@example.com,15106920835084,"84555 Donna Throughway, New Raymond, CT 67188",12
378,Joseph Lawrence,junior data scientist,SQL,1958-08-01,2010-02-23,ginavalenzuela@example.org,9647449270,"7181 Acosta Via Apt. 007, Brittanyhaven, AK 93948",14
246,Anthony Spence,junior software engineer,JavaScript,1971-10-06,2009-11-06,garciachristopher@example.org,8418043282,"1247 Bass Plaza Apt. 473, Penatown, ND 93021",14
384,Nancy Ford,senior data scientist,TensorFlow,1967-07-13,2024-03-25,fitzgeraldsusan@example.com,514269632657483,"7099 Richardson Drive Suite 031, Natashamouth, VA 35486",0
21,Greg Patel,senior software engineer,Microservices,1980-02-11,2024-06-16,edward85@example.com,18519423163472,"554 Breanna Extensions, East Janicehaven, WA 04797",0
462,Belinda Perez,junior data analyst,SQL,1979-10-25,2007-10-20,sramirez@example.org,971726015056836,"299 Miguel Pass, Dawnstad, MP 89495",16
498,Richard Williamson,senior data engineer,Spark,1954-08-10,2005-03-05,mike21@example.org,39825620569855,"USNV Bridges, FPO AP 48991",19
113,Richard Trujillo,junior data scientist,Python,2000-09-20,2022-04-20,annajones@example.org,155868270317485,"79114 Brown Drives, New Phillipmouth, FL 05642",2
442,Priscilla Whitehead,senior data scientist,Natural Language Processing,2005-08-19,2016-08-11,odaugherty@example.net,2076149641,"Unit 7560 Box 7418, DPO AE 93492",8
335,Daniel Shaw,junior data scientist,Data Visualization,1972-04-08,2006-05-14,zimmermancaitlin@example.org,4134929358,"68320 Nunez Cape Suite 110, North Derekfurt, AZ 80606",18
132,Amanda Duncan,senior software engineer,DevOps,1962-01-04,2005-05-27,whiteheadjames@example.org,7512821928,"USNS Bailey, FPO AP 07511",19
458,Taylor Duncan,senior data engineer,Spark,2001-02-24,2023-06-16,gomezcheryl@example.com,172356676380950,"22714 Jennifer Springs, Mariastad, AS 20303",1
289,Erin Mccann,junior software engineer,CSS,1970-08-19,2020-05-21,richardsonbrenda@example.com,161434470944108,"980 Johnson Points, Cobbbury, NJ 75414",4
104,Kelly Shepherd,junior data engineer,Python,1987-06-11,2020-08-16,moonamber@example.net,7238797535737,"014 Brown Branch, Crystalview, WY 29150",4
183,Denise Salas,senior data engineer,Data Lakes,1993-01-08,2015-05-15,juan52@example.net,7578433588,"1091 Sherry Plaza Suite 647, West Joshuafort, KY 66074",9
443,Allen Flores,senior data analyst,Statistics,1998-11-18,2007-06-05,carolyn91@example.org,94369494173324,"42484 Frances Drive Apt. 961, Jeffreyland, AR 49597",17
348,Marvin Cortez,senior data scientist,TensorFlow,2003-11-22,2009-05-06,turnermeghan@example.net,160333651452174,"1723 Barnett Knoll Suite 183, Loriborough, MS 49820",15
191,Nicole Taylor,senior data analyst,Statistics,2003-03-08,2012-03-29,stephaniegriffith@example.org,799263593632394,"0351 Nicole Run, Joycemouth, MH 22988",12
187,Andrea Dixon,senior software engineer,Cloud Computing,2003-03-29,2022-02-23,jenkinsmichael@example.org,3906560186,"70942 Michael Village, South Brandon, TN 38806",2
65,Jessica Lee,junior data engineer,ETL,1955-01-08,2024-03-04,rkelly@example.org,58782700121045,"Unit 5909 Box 3097, DPO AA 27490",0
63,Cynthia Knight,senior software engineer,Cloud Computing,1955-04-27,2019-04-12,hduncan@example.com,4253450321783,"892 Knight Cove, West Robin, VI 52380",5
249,Paul Myers,senior data analyst,Statistics,1992-01-22,2019-01-18,elizabeth51@example.org,9315120550,"104 Pamela Highway Apt. 476, Terrymouth, IA 14098",5
274,James Hanson,senior data engineer,Data Lakes,1974-11-29,2012-01-11,sherry77@example.org,25193045636058,"54951 Edward Fort Suite 010, Hansonberg, NY 80756",12
224,Shelly Davidson,senior data analyst,Statistics,1960-08-11,2019-09-20,krice@example.com,2839991301035,"26293 Adam Centers Apt. 353, Josephtown, WI 16753",5
33,Joseph Jones,senior data engineer,Hadoop,1974-06-22,2021-01-20,josephpeters@example.com,7463005329845,"PSC 0049, Box 6326, APO AP 91158",3
